CUFDFDFDF,ACFFEEREG
CUSTOMER2,AA350C0LQO3L2AFZIWPUSD
CUSTOMER3,AA350C0LQO3L2AFZYWNUSD
CUSTOMER4,AA350C0LQO3L2AG0728USD
CUSTOMER5,AA350C0LQO3L2AG0DK2USD
CUSTOMER5,AA350C0L10Y9L2Q5G333USD
CUSTOMER5,AA350C0L10Y9L2Q5GM83USD
CUSTOMER5,AA350C0L10Y9L2Q5H86OUSD
CUSTOMER5,AA350C0L10Y9L2Q5HDQHUSD
CUSTOMER5,AA350C0L10Y9L2Q5HJ9VUSD
CUSTOMER5,AA350C0L10Y9L2Q5HO2RUSD
CUSTOMER5,AA350C0L10Y9L2Q5HUBPUSD
CUSTOMER5,AA350C0L10Y9L2Q5HYKHUSD
CUSTOMER5,AA350C0L10Y9L2Q5I3OSUSD
CUSTOMER5,AA350C0L10Y9L2Q5IVPBUSD
CUSTOMER5,AA350C0L10Y9L2Q5J0INUSD
CUSTOMER5,AA350C0L10Y9L2Q5J4MDUSD
CUSTOMER5,AA350C0L10Y9L2Q5J9GVUSD
CUSTOMER5,AA350C0L10Y9L2Q5JE4ZUSD
CUSTOMER5,AA350C0L10Y9L2Q5JIYPUSD
CUSTOMER5,AA350C0L10Y9L2Q5JNDZUSD
CUSTOMER5,AA350C0L10Y9L2Q5JRC3USD
CUSTOMER5,AA350C0L10Y9L2Q5JUZNUSD
CUSTOMER5,AA350C0L10Y9L2Q5K0NWUSD
CUSTOMER5,AA350C0L10Y9L2Q5K5I7USD
CUSTOMER5,AA350C0L10Y9L2Q5K9Y0USD
CUSTOMER5,AA350C0L10Y9L2Q5KD5VUSD
CUSTOMER5,AA350C0L10Y9L2Q5KGJ6USD
CUSTOMER5,AA350C0L10Y9L2Q5KJZDUSD
CUSTOMER5,AA350C0L10Y9L2Q5KN8JUSD
CUSTOMER2,AA350C0L1248L2Q5ZMDMUSD
CUSTOMER2,AA350C0L1248L2Q609THUSD
CUSTOMER2,AA350C0L1248L2Q60EZ4USD
CUSTOMER2,AA350C0L1248L2Q60FQUUSD
CUSTOMER2,AA350C0L1248L2Q60GDQUSD
CUSTOMER2,AA350C0L1248L2Q60GZEUSD
CUSTOMER2,AA350C0L1248L2Q60I1OUSD
CUSTOMER2,AA350C0L1248L2Q60IN9USD
CUSTOMER2,AA350C0L1248L2Q60J5AUSD
CUSTOMER2,AA350C0L1248L2Q60K13USD
CUSTOMER2,AA350C0L1248L2Q60KH4USD
CUSTOMER2,AA350C0L1248L2Q60MDWUSD
CUSTOMER2,AA350C0L1248L2Q60NOVUSD
CUSTOMER2,AA350C0L1248L2Q60OBQUSD
CUSTOMER2,AA350C0L1248L2Q60OWKUSD
CUSTOMER2,AA350C0L1248L2Q60PDXUSD
CUSTOMER2,AA350C0L1248L2Q60PVQUSD
CUSTOMER2,AA350C0L1248L2Q60QFVUSD
CUSTOMER2,AA350C0L1248L2Q60R06USD
CUSTOMER2,AA350C0L1248L2Q60RH2USD
CUSTOMER2,AA350C0L1248L2Q60RZGUSD
CUSTOMER2,AA350C0L1248L2Q60SHAUSD
CUSTOMER2,AA350C0L1248L2Q60T0LUSD
CUSTOMER2,AA350C0L1248L2Q60TJ4USD
CUSTOMER2,AA350C0L1248L2Q60UGQUSD
CUSTOMER2,AA350C0L1248L2Q60V0RUSD
CUSTOMER2,AA350C0L1248L2Q60VM5USD
CUSTOMER2,AA350C0L1248L2Q60W5FUSD
CUSTOMER2,AA350C0L1248L2Q60WPFUSD
CUSTOMER2,AA350C0L1248L2Q60X9LUSD
CUSTOMER2,AA350C0L1248L2Q60XUYUSD
CUSTOMER2,AA350C0L1248L2Q60YKYUSD
CUSTOMER2,AA350C0L1248L2Q60Z44USD
CUSTOMER2,AA350C0L1248L2Q60ZN6USD
CUSTOMER2,AA350C0L1248L2Q6105RUSD
CUSTOMER2,AA350C0L1248L2Q610ODUSD
CUSTOMER2,AA350C0L1248L2Q612CUUSD
CUSTOMER2,AA350C0L1248L2Q63KKCUSD
CUSTOMER2,AA350C0L1248L2Q63KL1USD
CUSTOMER2,AA350C0L1248L2Q63KLKUSD
CUSTOMER2,AA350C0L1248L2Q63KLYUSD
CUSTOMER2,AA350C0L1248L2Q63KMEUSD
CUSTOMER2,AA350C0L1248L2Q63KMXUSD
CUSTOMER2,AA350C0L1248L2Q63KNAUSD
CUSTOMER2,AA350C0L1248L2Q63KNOUSD
CUSTOMER2,AA350C0L1248L2Q63KO4USD
CUSTOMER2,AA350C0L1248L2Q63KOJUSD
CUSTOMER2,AA350C0L1248L2Q642JTUSD
CUSTOMER2,AA350C0L1248L2Q642KJUSD
CUSTOMER2,AA350C0L1248L2Q642L0USD
CUSTOMER2,AA350C0L1248L2Q642LHUSD
CUSTOMER2,AA350C0L1248L2Q642LYUSD
CUSTOMER2,AA350C0L1248L2Q642MGUSD
CUSTOMER2,AA350C0L1248L2Q642MTUSD
CUSTOMER2,AA350C0L1248L2Q642N8USD
CUSTOMER2,AA350C0L1248L2Q642NMUSD
CUSTOMER2,AA350C0L1248L2Q642O2USD
CUSTOMER2,AA350C0L1248L2Q642OGUSD
CUSTOMER2,AA350C0L1248L2Q642OVUSD
CUSTOMER2,AA350C0L1248L2Q642P8USD
CUSTOMER2,AA350C0L1248L2Q642PPUSD
CUSTOMER2,AA350C0L1248L2Q642Q8USD
CUSTOMER2,AA350C0L1248L2Q642QRUSD
CUSTOMER2,AA350C0L1248L2Q642R4USD
CUSTOMER2,AA350C0L1248L2Q642RIUSD
CUSTOMER2,AA350C0L1248L2Q642RVUSD
CUSTOMER2,AA350C0L1248L2Q642S8USD
CUSTOMER2,AA350C0L1248L2Q642SMUSD
CUSTOMER2,AA350C0L1248L2Q642SZUSD
CUSTOMER2,AA350C0L1248L2Q642TCUSD
CUSTOMER2,AA350C0L1248L2Q642TQUSD
CUSTOMER2,AA350C0L1248L2Q642U4USD
CUSTOMER2,AA350C0L1248L2Q642UJUSD
CUSTOMER2,AA350C0L1248L2Q642UXUSD
CUSTOMER2,AA350C0L1248L2Q642VBUSD
CUSTOMER2,AA350C0L1248L2Q642VPUSD
CUSTOMER2,AA350C0L1248L2Q642W4USD
CUSTOMER2,AA350C0L1248L2Q642WJUSD
CUSTOMER2,AA350C0L1248L2Q642WXUSD
CUSTOMER2,AA350C0L1248L2Q642XCUSD
CUSTOMER2,AA350C0L1248L2Q642XPUSD
CUSTOMER2,AA350C0L1248L2Q642Y2USD
CUSTOMER2,AA350C0L1248L2Q642YGUSD
CUSTOMER2,AA350C0L1248L2Q642YTUSD
CUSTOMER2,AA350C0L1248L2Q642Z7USD
CUSTOMER2,AA350C0L1248L2Q642ZJUSD
CUSTOMER2,AA350C0L1248L2Q642ZXUSD
CUSTOMER2,AA350C0L1248L2Q6430BUSD
CUSTOMER2,AA350C0L1248L2Q6430OUSD
CUSTOMER2,AA350C0L1248L2Q64311USD
CUSTOMER2,AA350C0L1248L2Q6431DUSD
CUSTOMER2,AA350C0L1248L2Q6431RUSD
CUSTOMER2,AA350C0L1248L2Q64324USD
CUSTOMER2,AA350C0L1248L2Q6432IUSD
CUSTOMER2,AA350C0L1248L2Q6432WUSD
CUSTOMER2,AA350C0L1248L2Q64338USD
CUSTOMER2,AA350C0L1248L2Q6433MUSD
CUSTOMER2,AA350C0L1248L2Q6433ZUSD
CUSTOMER4,AA350C0L1248L2Q6434CUSD
CUSTOMER4,AA350C0L1248L2Q6434RUSD
CUSTOMER4,AA350C0L1248L2Q64353USD
CUSTOMER4,AA350C0L1248L2Q6435HUSD
CUSTOMER4,AA350C0L1248L2Q6435VUSD
CUSTOMER4,AA350C0L1248L2Q64369USD
CUSTOMER4,AA350C0L1248L2Q6436NUSD
CUSTOMER4,AA350C0L1248L2Q6436ZUSD
CUSTOMER4,AA350C0L1248L2Q6437CUSD
CUSTOMER4,AA350C0L1248L2Q6437QUSD
CUSTOMER4,AA350C0L1248L2Q64382USD
CUSTOMER4,AA350C0L1248L2Q6438HUSD
CUSTOMER4,AA350C0L1248L2Q6438VUSD
CUSTOMER4,AA350C0L1248L2Q6439DUSD
CUSTOMER4,AA350C0L1248L2Q643A9USD
CUSTOMER4,AA350C0L1248L2Q643C7USD
CUSTOMER4,AA350C0L1248L2Q643CWUSD
CUSTOMER4,AA350C0L1248L2Q643DRUSD
CUSTOMER4,AA350C0L1248L2Q643EQUSD
CUSTOMER4,AA350C0L1248L2Q643FGUSD
CUSTOMER4,AA350C0L1248L2Q643G0USD
CUSTOMER4,AA350C0L1248L2Q643GIUSD
CUSTOMER4,AA350C0L1248L2Q643GZUSD
CUSTOMER4,AA350C0L1248L2Q643HPUSD
CUSTOMER4,AA350C0L1248L2Q643ISUSD
CUSTOMER4,AA350C0L1248L2Q643JIUSD
CUSTOMER4,AA350C0L1248L2Q643K4USD
CUSTOMER4,AA350C0L1248L2Q643KHUSD
CUSTOMER4,AA350C0L1248L2Q643KUUSD
CUSTOMER4,AA350C0L1248L2Q643L9USD
CUSTOMER4,AA350C0L1248L2Q643LMUSD
CUSTOMER4,AA350C0L1248L2Q643M1USD
CUSTOMER4,AA350C0L1248L2Q643MEUSD
CUSTOMER4,AA350C0L1248L2Q643MZUSD
CUSTOMER4,AA350C0L1248L2Q643NEUSD
CUSTOMER4,AA350C0L1248L2Q643NSUSD
CUSTOMER4,AA350C0L1248L2Q643O7USD
CUSTOMER4,AA350C0L1248L2Q643OMUSD
CUSTOMER4,AA350C0L1248L2Q643OZUSD
CUSTOMER4,AA350C0L1248L2Q643PDUSD
CUSTOMER4,AA350C0L1248L2Q643PZUSD
CUSTOMER4,AA350C0L1248L2Q643QEUSD
CUSTOMER4,AA350C0L1248L2Q643QRUSD
CUSTOMER4,AA350C0L1248L2Q643R5USD
CUSTOMER4,AA350C0L1248L2Q643RIUSD
CUSTOMER4,AA350C0L1248L2Q643RXUSD
CUSTOMER4,AA350C0L1248L2Q643SAUSD
CUSTOMER4,AA350C0L1248L2Q643SNUSD
CUSTOMER4,AA350C0L1248L2Q643T2USD
CUSTOMER4,AA350C0L1248L2Q64E6SUSD
CUSTOMER4,AA350C0L1248L2Q64E7OUSD
CUSTOMER4,AA350C0L1248L2Q64E85USD
CUSTOMER4,AA350C0L1248L2Q64E8OUSD
CUSTOMER4,AA350C0L1248L2Q64E95USD
CUSTOMER4,AA350C0L1248L2Q64E9NUSD
CUSTOMER4,AA350C0L1248L2Q64EA2USD
CUSTOMER4,AA350C0L1248L2Q64EANUSD
CUSTOMER4,AA350C0L1248L2Q64EB1USD
CUSTOMER4,AA350C0L1248L2Q64EBFUSD
CUSTOMER4,AA350C0L1248L2Q64EBTUSD
CUSTOMER4,AA350C0L1248L2Q64EC8USD
CUSTOMER4,AA350C0L1248L2Q64ECMUSD
CUSTOMER4,AA350C0L1248L2Q64ED1USD
CUSTOMER4,AA350C0L1248L2Q64EDIUSD
CUSTOMER4,AA350C0L1248L2Q64EDVUSD
CUSTOMER4,AA350C0L1248L2Q64EEBUSD
CUSTOMER4,AA350C0L1248L2Q64EEOUSD
CUSTOMER4,AA350C0L1248L2Q64EF2USD
CUSTOMER4,AA350C0L1248L2Q64EFJUSD
CUSTOMER4,AA350C0L1248L2Q64EFYUSD
CUSTOMER4,AA350C0L1248L2Q64EGBUSD
CUSTOMER4,AA350C0L1248L2Q64EGPUSD
CUSTOMER4,AA350C0L1248L2Q64EH2USD
CUSTOMER4,AA350C0L1248L2Q64EHEUSD
CUSTOMER4,AA350C0L1248L2Q64EHRUSD
CUSTOMER4,AA350C0L1248L2Q64EI4USD
CUSTOMER4,AA350C0L1248L2Q64EIIUSD
CUSTOMER4,AA350C0L1248L2Q64EIVUSD
CUSTOMER4,AA350C0L1248L2Q64EJ8USD
CUSTOMER4,AA350C0L1248L2Q64EJLUSD
CUSTOMER4,AA350C0L1248L2Q64EK2USD
CUSTOMER4,AA350C0L1248L2Q64EKJUSD
CUSTOMER4,AA350C0L1248L2Q64EKYUSD
CUSTOMER4,AA350C0L1248L2Q64ELBUSD
CUSTOMER4,AA350C0L1248L2Q64ELPUSD
CUSTOMER4,AA350C0L1248L2Q64EM1USD
CUSTOMER4,AA350C0L1248L2Q64EMEUSD
CUSTOMER4,AA350C0L1248L2Q64EMSUSD
CUSTOMER4,AA350C0L1248L2Q64EN5USD
CUSTOMER4,AA350C0L1248L2Q64ENJUSD
CUSTOMER4,AA350C0L1248L2Q64ENVUSD
CUSTOMER4,AA350C0L1248L2Q64EO8USD
CUSTOMER4,AA350C0L1248L2Q64EOMUSD
CUSTOMER4,AA350C0L1248L2Q64EOYUSD
CUSTOMER4,AA350C0L1248L2Q64EPBUSD
CUSTOMER4,AA350C0L1248L2Q64EPPUSD
CUSTOMER4,AA350C0L1248L2Q64EQ3USD
CUSTOMER4,AA350C0L1248L2Q64EQIUSD
CUSTOMER4,AA350C0L1248L2Q64EQVUSD
CUSTOMER4,AA350C0L1248L2Q64ER9USD
CUSTOMER4,AA350C0L1248L2Q64ERMUSD
CUSTOMER4,AA350C0L1248L2Q64ESCUSD
CUSTOMER4,AA350C0L1248L2Q64ETTUSD
CUSTOMER4,AA350C0L1248L2Q64EUNUSD
CUSTOMER4,AA350C0L1248L2Q64EVKUSD
CUSTOMER4,AA350C0L1248L2Q64EW4USD
CUSTOMER4,AA350C0L1248L2Q64EWSUSD
CUSTOMER4,AA350C0L1248L2Q64EX9USD
CUSTOMER4,AA350C0L1248L2Q64EXVUSD
CUSTOMER4,AA350C0L1248L2Q64EYPUSD
CUSTOMER4,AA350C0L1248L2Q64EZDUSD
CUSTOMER4,AA350C0L1248L2Q64EZWUSD
CUSTOMER4,AA350C0L1248L2Q64F09USD
CUSTOMER4,AA350C0L1248L2Q64F0OUSD
CUSTOMER4,AA350C0L1248L2Q64F12USD
CUSTOMER4,AA350C0L1248L2Q64F1FUSD
CUSTOMER4,AA350C0L1248L2Q64F1RUSD
CUSTOMER4,AA350C0L1248L2Q64F25USD
CUSTOMER4,AA350C0L1248L2Q64F2LUSD
CUSTOMER4,AA350C0L1248L2Q64F33USD
CUSTOMER4,AA350C0L1248L2Q64F3JUSD
CUSTOMER4,AA350C0L1248L2Q64F3XUSD
CUSTOMER4,AA350C0L1248L2Q64F4BUSD
CUSTOMER4,AA350C0L1248L2Q64F4QUSD
CUSTOMER4,AA350C0L1248L2Q64F52USD
CUSTOMER4,AA350C0L1248L2Q64F5FUSD
CUSTOMER4,AA350C0L1248L2Q64F5RUSD
CUSTOMER4,AA350C0L1248L2Q64F65USD
CUSTOMER4,AA350C0L1248L2Q64F6IUSD
CUSTOMER4,AA350C0L1248L2Q64F6XUSD
CUSTOMER4,AA350C0L1248L2Q64F79USD
CUSTOMER4,AA350C0L1248L2Q64F7MUSD
CUSTOMER4,AA350C0L1248L2Q64F7ZUSD
CUSTOMER4,AA350C0L1248L2Q64F8CUSD
CUSTOMER4,AA350C0L1248L2Q64F8QUSD
CUSTOMER4,AA350C0L1248L2Q64F94USD
CUSTOMER4,AA350C0L1248L2Q64F9HUSD
CUSTOMER4,AA350C0L1248L2Q64F9WUSD
CUSTOMER4,AA350C0L1248L2Q64FA8USD
CUSTOMER4,AA350C0L1248L2Q64FALUSD
CUSTOMER4,AA350C0L1248L2Q64FAZUSD
CUSTOMER4,AA350C0L1248L2Q64FBBUSD
CUSTOMER4,AA350C0L1248L2Q64FBPUSD
CUSTOMER4,AA350C0L1248L2Q64FC3USD
CUSTOMER4,AA350C0L1248L2Q64FCIUSD
CUSTOMER4,AA350C0L1248L2Q64FCWUSD
CUSTOMER4,AA350C0L1248L2Q64FD9USD
CUSTOMER4,AA350C0L1248L2Q64FDNUSD
CUSTOMER4,AA350C0L1248L2Q64FE0USD
CUSTOMER4,AA350C0L1248L2Q64GEGUSD
CUSTOMER4,AA350C0L1248L2Q64GEXUSD
CUSTOMER4,AA350C0L1248L2Q64GFDUSD
CUSTOMER4,AA350C0L1248L2Q64GFUUSD
CUSTOMER4,AA350C0L1248L2Q64GGBUSD
CUSTOMER4,AA350C0L1248L2Q64GGQUSD
CUSTOMER4,AA350C0L1248L2Q64GH3USD
CUSTOMER4,AA350C0L1248L2Q64GHHUSD
CUSTOMER4,AA350C0L1248L2Q64GHTUSD
CUSTOMER4,AA350C0L1248L2Q64GI9USD
CUSTOMER4,AA350C0L1248L2Q64GIRUSD
CUSTOMER4,AA350C0L1248L2Q64GJ5USD
CUSTOMER4,AA350C0L1248L2Q64GJKUSD
CUSTOMER4,AA350C0L1248L2Q64GJWUSD
CUSTOMER4,AA350C0L1248L2Q64GKAUSD
CUSTOMER4,AA350C0L1248L2Q64GKOUSD
CUSTOMER4,AA350C0L1248L2Q64GL2USD
CUSTOMER4,AA350C0L1248L2Q64GLFUSD
CUSTOMER4,AA350C0L1248L2Q64GLTUSD
CUSTOMER4,AA350C0L1248L2Q64GM6USD
CUSTOMER4,AA350C0L1248L2Q64GMIUSD
CUSTOMER4,AA350C0L1248L2Q64GMVUSD
CUSTOMER4,AA350C0L1248L2Q64GNAUSD
CUSTOMER4,AA350C0L1248L2Q64GNNUSD
CUSTOMER4,AA350C0L1248L2Q64GO1USD
CUSTOMER4,AA350C0L1248L2Q64GOCUSD
CUSTOMER4,AA350C0L1248L2Q64GOQUSD
CUSTOMER4,AA350C0L1248L2Q64GP2USD
CUSTOMER4,AA350C0L1248L2Q64GPEUSD
CUSTOMER4,AA350C0L1248L2Q64GPSUSD
CUSTOMER4,AA350C0L1248L2Q64GQ4USD
CUSTOMER4,AA350C0L1248L2Q64GQGUSD
CUSTOMER4,AA350C0L1248L2Q64GQVUSD
CUSTOMER4,AA350C0L1248L2Q64GR9USD
CUSTOMER4,AA350C0L1248L2Q64GRMUSD
CUSTOMER4,AA350C0L1248L2Q64GRYUSD
CUSTOMER4,AA350C0L1248L2Q64GSBUSD
CUSTOMER4,AA350C0L1248L2Q64GSQUSD
CUSTOMER4,AA350C0L1248L2Q64GT2USD
CUSTOMER4,AA350C0L1248L2Q64GTFUSD
CUSTOMER4,AA350C0L1248L2Q64GTRUSD
CUSTOMER4,AA350C0L1248L2Q64GU4USD
CUSTOMER4,AA350C0L1248L2Q64GUHUSD
CUSTOMER4,AA350C0L1248L2Q64GUVUSD
CUSTOMER4,AA350C0L1248L2Q64GVAUSD
CUSTOMER4,AA350C0L1248L2Q64GVMUSD
CUSTOMER4,AA350C0L1248L2Q64GW0USD
CUSTOMER4,AA350C0L1248L2Q64GWFUSD
CUSTOMER4,AA350C0L1248L2Q64GWSUSD
CUSTOMER4,AA350C0L1248L2Q64GX5USD
CUSTOMER4,AA350C0L1248L2Q64GXHUSD
CUSTOMER4,AA350C0L1248L2Q64GXTUSD
CUSTOMER4,AA350C0L1248L2Q64GY6USD
CUSTOMER4,AA350C0L1248L2Q64GYIUSD
CUSTOMER4,AA350C0L1248L2Q64GYWUSD
CUSTOMER4,AA350C0L1248L2Q64GZ9USD
CUSTOMER4,AA350C0L1248L2Q64GZLUSD
CUSTOMER4,AA350C0L1248L2Q64GZZUSD
CUSTOMER4,AA350C0L1248L2Q64H0AUSD
CUSTOMER4,AA350C0L1248L2Q64H0NUSD
CUSTOMER4,AA350C0L1248L2Q64H11USD
CUSTOMER4,AA350C0L1248L2Q64H1CUSD
CUSTOMER4,AA350C0L1248L2Q64H1QUSD
CUSTOMER4,AA350C0L1248L2Q64H23USD
CUSTOMER4,AA350C0L1248L2Q64H2HUSD
CUSTOMER4,AA350C0L1248L2Q64H2WUSD
CUSTOMER4,AA350C0L1248L2Q64H3AUSD
CUSTOMER4,AA350C0L1248L2Q64H3QUSD
CUSTOMER4,AA350C0L1248L2Q64H50USD
CUSTOMER4,AA350C0L1248L2Q64H5YUSD
CUSTOMER4,AA350C0L1248L2Q64H6YUSD
CUSTOMER4,AA350C0L1248L2Q64H7TUSD
CUSTOMER4,AA350C0L1248L2Q64H8UUSD
CUSTOMER4,AA350C0L1248L2Q64H9HUSD
CUSTOMER4,AA350C0L1248L2Q64HA5USD
CUSTOMER4,AA350C0L1248L2Q64HAUUSD
CUSTOMER4,AA350C0L1248L2Q64HB8USD
CUSTOMER4,AA350C0L1248L2Q64HBMUSD
CUSTOMER5,AA350C0L1248L2Q64HBZUSD
CUSTOMER5,AA350C0L1248L2Q64HCAUSD
CUSTOMER5,AA350C0L1248L2Q64HCOUSD
CUSTOMER5,AA350C0L1248L2Q64HD0USD
CUSTOMER5,AA350C0L1248L2Q64HDDUSD
CUSTOMER5,AA350C0L1248L2Q64HDXUSD
CUSTOMER5,AA350C0L1248L2Q64HEEUSD
CUSTOMER5,AA350C0L1248L2Q64HERUSD
CUSTOMER5,AA350C0L1248L2Q64HF3USD
CUSTOMER5,AA350C0L1248L2Q64HFJUSD
CUSTOMER5,AA350C0L1248L2Q64HFXUSD
CUSTOMER5,AA350C0L1248L2Q64HGBUSD
CUSTOMER5,AA350C0L1248L2Q64HGNUSD
CUSTOMER5,AA350C0L1248L2Q64HH0USD
CUSTOMER5,AA350C0L1248L2Q64HHHUSD
CUSTOMER5,AA350C0L1248L2Q64HHVUSD
CUSTOMER5,AA350C0L1248L2Q64HIBUSD
CUSTOMER5,AA350C0L1248L2Q64HIRUSD
CUSTOMER5,AA350C0L1248L2Q64HJ4USD
CUSTOMER5,AA350C0L1248L2Q64HJHUSD
CUSTOMER5,AA350C0L1248L2Q64HJUUSD
CUSTOMER5,AA350C0L1248L2Q64HK7USD
CUSTOMER5,AA350C0L1248L2Q64I83USD
CUSTOMER5,AA350C0L1248L2Q64I8IUSD
CUSTOMER5,AA350C0L1248L2Q64I8WUSD
CUSTOMER5,AA350C0L1248L2Q64I9AUSD
CUSTOMER5,AA350C0L1248L2Q64I9OUSD
CUSTOMER5,AA350C0L1248L2Q64IA2USD
CUSTOMER5,AA350C0L1248L2Q64IAFUSD
CUSTOMER5,AA350C0L1248L2Q64IATUSD
CUSTOMER5,AA350C0L1248L2Q64IB5USD
CUSTOMER5,AA350C0L1248L2Q64IBJUSD
CUSTOMER5,AA350C0L1248L2Q64IBXUSD
CUSTOMER5,AA350C0L1248L2Q64ICBUSD
CUSTOMER5,AA350C0L1248L2Q64ICOUSD
CUSTOMER5,AA350C0L1248L2Q64ID2USD
CUSTOMER5,AA350C0L1248L2Q64IDHUSD
CUSTOMER5,AA350C0L1248L2Q64IDTUSD
CUSTOMER5,AA350C0L1248L2Q64IE5USD
CUSTOMER5,AA350C0L1248L2Q64IEJUSD
CUSTOMER5,AA350C0L1248L2Q64IEVUSD
CUSTOMER5,AA350C0L1248L2Q64IF8USD
CUSTOMER5,AA350C0L1248L2Q64IFLUSD
CUSTOMER5,AA350C0L1248L2Q64IFYUSD
CUSTOMER5,AA350C0L1248L2Q64IGCUSD
CUSTOMER5,AA350C0L1248L2Q64IGQUSD
CUSTOMER5,AA350C0L1248L2Q64IH3USD
CUSTOMER5,AA350C0L1248L2Q64IHGUSD
CUSTOMER5,AA350C0L1248L2Q64IHSUSD
CUSTOMER5,AA350C0L1248L2Q64II5USD
CUSTOMER5,AA350C0L1248L2Q64IIJUSD
CUSTOMER5,AA350C0L1248L2Q64IIWUSD
CUSTOMER5,AA350C0L1248L2Q64IJAUSD
CUSTOMER5,AA350C0L1248L2Q64IJMUSD
CUSTOMER5,AA350C0L1248L2Q64IK0USD
CUSTOMER5,AA350C0L1248L2Q64IKCUSD
CUSTOMER5,AA350C0L1248L2Q64IKOUSD
CUSTOMER5,AA350C0L1248L2Q64IL1USD
CUSTOMER5,AA350C0L1248L2Q64ILDUSD
CUSTOMER5,AA350C0L1248L2Q64ILPUSD
CUSTOMER5,AA350C0L1248L2Q64IM3USD
CUSTOMER5,AA350C0L1248L2Q64IMFUSD
CUSTOMER5,AA350C0L1248L2Q64IMVUSD
CUSTOMER5,AA350C0L1248L2Q64IN9USD
CUSTOMER5,AA350C0L1248L2Q64IOVUSD
CUSTOMER5,AA350C0L1248L2Q64IPTUSD
CUSTOMER5,AA350C0L1248L2Q64IQOUSD
CUSTOMER5,AA350C0L1248L2Q64IRMUSD
CUSTOMER5,AA350C0L1248L2Q64ISCUSD
CUSTOMER5,AA350C0L1248L2Q64ISWUSD
CUSTOMER5,AA350C0L1248L2Q64ITCUSD
CUSTOMER5,AA350C0L1248L2Q64ITUUSD
CUSTOMER5,AA350C0L1248L2Q64IU7USD
CUSTOMER5,AA350C0L1248L2Q64IUMUSD
CUSTOMER5,AA350C0L1248L2Q64IV0USD
CUSTOMER5,AA350C0L1248L2Q64IVDUSD
CUSTOMER5,AA350C0L1248L2Q64IVQUSD
CUSTOMER5,AA350C0L1248L2Q64IW2USD
CUSTOMER5,AA350C0L1248L2Q64IWGUSD
CUSTOMER5,AA350C0L1248L2Q64IWXUSD
CUSTOMER5,AA350C0L1248L2Q64IXEUSD
CUSTOMER5,AA350C0L1248L2Q64IXSUSD
CUSTOMER5,AA350C0L1248L2Q64IY6USD
CUSTOMER5,AA350C0L1248L2Q64IYLUSD
CUSTOMER5,AA350C0L1248L2Q64IYXUSD
CUSTOMER5,AA350C0L1248L2Q64IZGUSD
CUSTOMER5,AA350C0L1248L2Q64J02USD
CUSTOMER5,AA350C0L1248L2Q64J0LUSD
CUSTOMER5,AA350C0L1248L2Q64J0YUSD
CUSTOMER5,AA350C0L1248L2Q64J1BUSD
CUSTOMER5,AA350C0L1248L2Q64J1OUSD
CUSTOMER5,AA350C0L1248L2Q64J21USD
CUSTOMER5,AA350C0L1248L2Q64J2EUSD
CUSTOMER5,AA350C0L1248L2Q64J2QUSD
CUSTOMER5,AA350C0L1248L2Q64J33USD
CUSTOMER5,AA350C0L1248L2Q64J3FUSD
CUSTOMER5,AA350C0L1248L2Q64J3UUSD
CUSTOMER5,AA350C0L1248L2Q64J47USD
CUSTOMER5,AA350C0L1248L2Q64J4KUSD
CUSTOMER5,AA350C0L1248L2Q64J4ZUSD
CUSTOMER5,AA350C0L1248L2Q64J5CUSD
CUSTOMER5,AA350C0L1248L2Q64J5QUSD
CUSTOMER5,AA350C0L1248L2Q64J63USD
CUSTOMER5,AA350C0L1248L2Q64J6GUSD
CUSTOMER5,AA350C0L1248L2Q64J6UUSD
CUSTOMER5,AA350C0L1248L2Q64J76USD
CUSTOMER5,AA350C0L1248L2Q64J7KUSD
CUSTOMER5,AA350C0L1248L2Q64J7XUSD
CUSTOMER5,AA350C0L1248L2Q64J8BUSD
CUSTOMER5,AA350C0L1248L2Q64J8QUSD
CUSTOMER5,AA350C0L1248L2Q64J93USD
CUSTOMER5,AA350C0L1248L2Q64J9GUSD
CUSTOMER5,AA350C0L1248L2Q64J9SUSD
CUSTOMER5,AA350C0L1248L2Q64JA5USD
CUSTOMER5,AA350C0L1248L2Q64JALUSD
CUSTOMER5,AA350C0L1248L2Q64JB0USD
CUSTOMER5,AA350C0L1248L2Q64JBEUSD
CUSTOMER5,AA350C0L1248L2Q64JBQUSD
CUSTOMER5,AA350C0L1248L2Q64JC4USD
CUSTOMER5,AA350C0L1248L2Q64JCHUSD
CUSTOMER5,AA350C0L1248L2Q64JCTUSD
CUSTOMER5,AA350C0L1248L2Q64JD7USD
CUFDFDFDF,AA350C0L1248L2Q6B8Q3USD
CUFDFDFDF,AA350C0L1248L2Q6B8R1USD
CUFDFDFDF,AA350C0L1248L2Q6B8RFUSD
CUFDFDFDF,AA350C0L1248L2Q6B8RSUSD
CUFDFDFDF,AA350C0L1248L2Q6B8S5USD
CUFDFDFDF,AA350C0L1248L2Q6B8SLUSD
CUFDFDFDF,AA350C0L1248L2Q6B8T0USD
CUFDFDFDF,AA350C0L1248L2Q6B8THUSD
CUFDFDFDF,AA350C0L1248L2Q6B8TTUSD
CUFDFDFDF,AA350C0L1248L2Q6B8UDUSD
CUFDFDFDF,AA350C0L1248L2Q6B8UPUSD
CUFDFDFDF,AA350C0L1248L2Q6B8V2USD
CUFDFDFDF,AA350C0L1248L2Q6B8VFUSD
CUFDFDFDF,AA350C0L1248L2Q6B8VRUSD
CUFDFDFDF,AA350C0L1248L2Q6B8W4USD
CUFDFDFDF,AA350C0L1248L2Q6B8WMUSD
CUFDFDFDF,AA350C0L1248L2Q6B8X1USD
CUFDFDFDF,AA350C0L1248L2Q6B8XDUSD
CUFDFDFDF,AA350C0L1248L2Q6B8XPUSD
CUFDFDFDF,AA350C0L1248L2Q6B8Y5USD
CUFDFDFDF,AA350C0L1248L2Q6B8YJUSD
CUFDFDFDF,AA350C0L1248L2Q6B8YXUSD
CUFDFDFDF,AA350C0L1248L2Q6B8ZAUSD